"DESCRIPTION","DURATION IN MS","NAME","PARENT SUITE","START TIME","STATUS","STOP TIME","SUB SUITE","SUITE","TEST CLASS","TEST METHOD"
"Prerequisites: Setup starts the local demo server, registers page locators and opens Chromium with a fresh context. Public practice credentials and all controls belong to this fixture. The starting page is the playground.
Steps and expected result: Perform a real pointer drag and verify the application accepts the dropped workshop.


Kundenvorbereitung (siehe robot/tests/browser/README.md):

1. Browser-Runtime, Kunden-Test-URL und benötigte Rolle bereitstellen; den lokalen Serverstart im Fixture ersetzen.

2. Kunden-Locators/Seitenregistrierung und isolierten Browser-Kontext vorbereiten; Details in robot/tests/browser/README.md.

3. Ein tatsächlich ziehbares Kundenobjekt und kompatible Zielzone bereitstellen.

4. Sichtbare Start-/Zielpositionen sowie den fachlichen Drop-Nachweis festlegen; Scrollen und Zwischenbewegungen berücksichtigen.","352","Drag And Drop Adds A Workshop To The Target","UI Examples","2026-09-14","passed","2026-09-14","04 Modern Browser Controls","UI components","",""
"Prerequisites: The local provider and named HTTP sessions are started by setup; synthetic JSON/XML fixtures and orders.openapi.json are in robot/data/api.
Steps and expected result: Set Content-Type=text/xml and SOAPAction=GetOrder, POST the envelope to /soap/order and compare the returned XML structure. This is an HTTP exchange with explicit XML, without a generated SOAP client.


Kundenvorbereitung (siehe robot/tests/api/README.md):

1. API-Testumgebung, erreichbare Basis-URL und Konto/Token mit den benötigten Rechten bereitstellen.

2. Demo-Serverstart im Suite-Setup durch Kunden-Session ersetzen; Session-Alias und Kunden-Evidence gemäß robot/tests/api/README.md festlegen.

3. SOAP-HTTP-Endpunkt, benötigte Header/SOAPAction und gültige Kunden-Envelope beschaffen.

4. Erwartete Antwort-Envelope samt Namespace festlegen; ein WSDL-generierter Client ist in diesem Ablauf nicht enthalten.","5","HTTP POST Sends SOAPAction And Compares The XML Envelope","","2026-09-14","passed","2026-09-14","01 Http Json Xml","API Examples","",""
"Prerequisites: Enable the xml module; inline XML and versioned files in robot/data/compare supply the inputs. No external service is needed.
Steps and expected result: Modify a tag and remove the debug element on a returned copy before checking the result.


Kundenvorbereitung (siehe robot/tests/xml/README.md):

1. XML-Modul, gültige Soll-/Ist-Dokumente und deren Namespaces/Kodierung bereitstellen.

2. Kunden-Tags/Pfade und erlaubte Filter festlegen; eigene Daten- und Diff-Ausgabepfade verwenden.

3. Vorhandenes Ziel-Element und zu entfernendes Element im Kundendokument bestimmen.

4. Das Soll-XML nach beiden Operationen festlegen; id/debug und der Wert 2 sind Beispiele.","2","Runtime XML Keywords Set And Remove Tags","Module Examples","2026-09-14","passed","2026-09-14","Xml Comparison","Xml","",""
"Prerequisites: Setup starts the local demo server, registers page locators and opens Chromium with a fresh context. Public practice credentials and all controls belong to this fixture. The starting page is the playground.
Steps and expected result: Wait for the download before clicking and validate both the suggested name and the downloaded CSV contents.


Kundenvorbereitung (siehe robot/tests/browser/README.md):

1. Browser-Runtime, Kunden-Test-URL und benötigte Rolle bereitstellen; den lokalen Serverstart im Fixture ersetzen.

2. Kunden-Locators/Seitenregistrierung und isolierten Browser-Kontext vorbereiten; Details in robot/tests/browser/README.md.

3. Eine Kundenaktion wählen, die einen echten Dateidownload auslöst; Download-Verzeichnis beschreibbar bereitstellen.

4. Erwarteten Dateinamen, Format und Inhalt festlegen; Promise vor dem Klick registrieren, workshop.csv ersetzen.","293","Download Promise Captures The File Triggered By The Link","UI Examples","2026-09-14","passed","2026-09-14","04 Modern Browser Controls","UI components","",""
"Prerequisites: Setup starts the local demo server, registers page locators and opens Chromium with a fresh context. Public practice credentials and all controls belong to this fixture. The starting page is the login page with no signed-in user.
Steps and expected result: Demonstrate URL credentials against the local fixture, using only public demo credentials.


Kundenvorbereitung (siehe robot/tests/browser/README.md):

1. Browser-Runtime, Kunden-Test-URL und benötigte Rolle bereitstellen; den lokalen Serverstart im Fixture ersetzen.

2. Kunden-Locators/Seitenregistrierung und isolierten Browser-Kontext vorbereiten; Details in robot/tests/browser/README.md.

3. Prüfen, ob URL-Credentials für diesen isolierten Testzweck erforderlich sind; die Demo verwendet ausschließlich öffentliche Werte.

4. Für reale Zugangsdaten vorzugsweise den benachbarten Fall mit expliziten Kontext-Credentials anpassen.","228","HTTP Authentication Also Accepts Local Demo Credentials In The URL","UI Examples","2026-09-14","passed","2026-09-14","05 Contexts And Network Edge Cases","UI components","",""
"Prerequisites: Setup starts the local demo server, registers page locators and opens Chromium with a fresh context. Public practice credentials and all controls belong to this fixture. The starting page is the login page with no signed-in user.
Steps and expected result: Use a CSS locator when a semantic page mapping is unnecessary; check the actual input value.


Kundenvorbereitung (siehe robot/tests/browser/README.md):

1. Browser-Runtime, Kunden-Test-URL und benötigte Rolle bereitstellen; den lokalen Serverstart im Fixture ersetzen.

2. Kunden-Locators/Seitenregistrierung und isolierten Browser-Kontext vorbereiten; Details in robot/tests/browser/README.md.

3. Einen stabilen eindeutigen CSS- oder Rollen-Locator der Kundenseite bereitstellen.

4. Gültigen Eingabewert und auslesbare Feld-Property bestimmen; der Roh-Locator prüft keine Seitenregistrierung.","263","Technical Locator Can Be Used Directly Without A Semantic Mapping","UI Examples","2026-09-14","passed","2026-09-14","02 Automatic Page And Method Resolution","UI components","",""
"Prerequisites: Setup starts the local demo server, registers page locators and opens Chromium with a fresh context. Public practice credentials and all controls belong to this fixture. The starting page is the playground.
Steps and expected result: Browser's Evaluate JavaScript uses the existing context, including the current DOM.


Kundenvorbereitung (siehe robot/tests/browser/README.md):

1. Browser-Runtime, Kunden-Test-URL und benötigte Rolle bereitstellen; den lokalen Serverstart im Fixture ersetzen.

2. Kunden-Locators/Seitenregistrierung und isolierten Browser-Kontext vorbereiten; Details in robot/tests/browser/README.md.

3. Eine erreichbare Kundenseite mit dem zu prüfenden DOM-Element auswählen.

4. JavaScript-Ausdruck und erwarteten Rückgabetyp bestimmen; document.title und die Body-Breite sind hier konkrete Demo-Prüfungen.","363","JavaScript Reads The Current Browser Page","UI Examples","2026-09-14","passed","2026-09-14","06 Javascript In Browser","UI components","",""
"Prerequisites: The local provider and named HTTP sessions are started by setup; synthetic JSON/XML fixtures and orders.openapi.json are in robot/data/api.
Steps and expected result: Send GET /orders/42 through the bearer-authenticated provider session. Assert HTTP 200, application/json, the expected JSON except traceId, and elapsed time below 5 seconds. Attach synthetic HTTP data and export timing metadata.


Kundenvorbereitung (siehe robot/tests/api/README.md):

1. API-Testumgebung, erreichbare Basis-URL und Konto/Token mit den benötigten Rechten bereitstellen.

2. Demo-Serverstart im Suite-Setup durch Kunden-Session ersetzen; Session-Alias und Kunden-Evidence gemäß robot/tests/api/README.md festlegen.

3. Einen lesbaren Kundendatensatz anlegen und /orders/42 durch dessen Pfad/ID ersetzen.

4. JSON-Sollfelder, zulässigen Trace-Filter, Medientyp und tatsächliche Antwortzeitgrenze festlegen.","8","HTTP GET Checks Status Header JSON Fields And Response Time","","2026-09-14","passed","2026-09-14","01 Http Json Xml","API Examples","",""
"Prerequisites: Enable the xml module; inline XML and versioned files in robot/data/compare supply the inputs. No external service is needed.
Steps and expected result: Apply the owned tag-filter/replacement rules and verify that the resulting XML structures match.


Kundenvorbereitung (siehe robot/tests/xml/README.md):

1. XML-Modul, gültige Soll-/Ist-Dokumente und deren Namespaces/Kodierung bereitstellen.

2. Kunden-Tags/Pfade und erlaubte Filter festlegen; eigene Daten- und Diff-Ausgabepfade verwenden.

3. Eine Kunden-Regeldatei mit passenden Tagfiltern/Ersetzungen erstellen.

4. Zwei unter diesen Regeln gleichwertige XML-Dokumente wählen und einen eindeutigen Diff-Pfad festlegen.","4","Configured XML Files Match","Module Examples","2026-09-14","passed","2026-09-14","Xml Comparison","Xml","",""
"Prerequisites: Setup starts the local demo server, registers page locators and opens Chromium with a fresh context. Public practice credentials and all controls belong to this fixture. The starting page is the playground.
Steps and expected result: Reveal a hover menu, activate its action and assert the resulting content.


Kundenvorbereitung (siehe robot/tests/browser/README.md):

1. Browser-Runtime, Kunden-Test-URL und benötigte Rolle bereitstellen; den lokalen Serverstart im Fixture ersetzen.

2. Kunden-Locators/Seitenregistrierung und isolierten Browser-Kontext vorbereiten; Details in robot/tests/browser/README.md.

3. Kunden-Menü wählen, dessen Unteraktion erst nach Hover sichtbar/bedienbar wird.

4. Menü-/Aktions-Locators und den nach dem Klick erwarteten Inhalt bestimmen.","467","Hover Reveals A Menu Action","UI Examples","2026-09-14","passed","2026-09-14","04 Modern Browser Controls","UI components","",""
"Prerequisites: Start the PostgreSQL Compose service. Suite setup starts the local GUI/API with its own database table; test setup opens a fresh Chromium context and PDF evidence directory. Approved JSON/PDF fixtures are in robot/data/integration.
Steps and expected result: GET the PDF endpoint for WB-DOES-NOT-EXIST. Require HTTP 404, booking_not_found JSON and an empty independent SQL query. PASS means the missing-record response was detected; this case produces no PDF.


Kundenvorbereitung (siehe robot/tests/integration/README.md):

1. Browser-, API-, SQL- und PDF-Runtime sowie zusammengehörige Zugänge zur Kunden-Testumgebung bereitstellen.

2. Lokale Workshop-App/Tabellenerzeugung im Fixture ersetzen; Kunden-Locators, API-Pfade und SQL-Schema zuordnen.

3. Eine garantiert nicht vorhandene Kunden-ID und den zugehörigen PDF-Downloadpfad bestimmen.

4. Dokumentierten HTTP-/JSON-Fehler und unabhängige leere SQL-Abfrage festlegen; es darf kein Beleg erzeugt werden.","214","HTTP 404 JSON And SQL Verify A Missing PDF Record","","2026-09-14","passed","2026-09-14","Workshop Booking","Integration Examples","",""
"Prerequisites: Setup starts the local demo server, registers page locators and opens Chromium with a fresh context. Public practice credentials and all controls belong to this fixture. The starting page is the playground.
Steps and expected result: Register the response promise before the action to avoid a race, then assert HTTP status, data and visible feedback.


Kundenvorbereitung (siehe robot/tests/browser/README.md):

1. Browser-Runtime, Kunden-Test-URL und benötigte Rolle bereitstellen; den lokalen Serverstart im Fixture ersetzen.

2. Kunden-Locators/Seitenregistrierung und isolierten Browser-Kontext vorbereiten; Details in robot/tests/browser/README.md.

3. Konkreten Kunden-Request samt URL-Muster, Antwortfeldern und auslösendem Control bestimmen.

4. HTTP-/Body-/UI-Sollwerte und Timeout festlegen; seats=8 und die grüne Farbe sind Demo-Erwartungen.","732","AJAX Wait Is Registered Before The Click And Checks Response And UI","UI Examples","2026-09-14","passed","2026-09-14","03 Forms And Playwright Waiting","UI components","",""
"Prerequisites: Setup starts or reuses the local server, registers page locators and opens a fresh Chromium context per row. Run the same four rows sequentially or with four Pabot workers via demo_prepare.gui.run_demo.
Steps and expected result: Use the row values in the single flat technical template: fill login, select workshop, enter note, check terms, submit and assert participant, confirmation and saved note. The runner verifies four distinct users and login overlap of one sequentially and four in parallel.


Kundenvorbereitung (siehe robot/tests/parallel/README.md):

1. Browser/Pabot-Runtime und vier unabhängige Kundenkonten samt getrennten Daten bereitstellen.

2. Kunden-Login und Locators im flachen Template umsetzen; Demo-Server/Barriere durch geeignete Kunden-Messung ersetzen.

3. Die Zeile alice / UI Automation / Alice's laptop durch ein eigenes Kundenkonto samt gültigen Formularwerten ersetzen.

4. Erwartete Bestätigung und Notiz je Konto festlegen; dieselbe Zeile in beiden Laufarten verwenden und eigene Kundendaten bereinigen.","4138","Browser Form And Text - Alice","UI Examples","2026-09-14","passed","2026-09-14","Bookings","Parallel","",""
"Prerequisites: The local provider and named HTTP sessions are started by setup; synthetic JSON/XML fixtures and orders.openapi.json are in robot/data/api.
Steps and expected result: Send GET /orders/42.xml and compare response.text with expected-order.xml. Exclude only traceId using the XML configuration; other differing fields must fail.


Kundenvorbereitung (siehe robot/tests/api/README.md):

1. API-Testumgebung, erreichbare Basis-URL und Konto/Token mit den benötigten Rechten bereitstellen.

2. Demo-Serverstart im Suite-Setup durch Kunden-Session ersetzen; Session-Alias und Kunden-Evidence gemäß robot/tests/api/README.md festlegen.

3. Kunden-Endpunkt mit XML-Antwort und eine unabhängig freigegebene XML-Soll-Datei bereitstellen.

4. Namespaces, relevante Elemente und ausdrücklich erlaubten Filter statt des Demo-Tags traceId festlegen.","7","HTTP GET Compares XML With A Trace Element Filter","","2026-09-14","passed","2026-09-14","01 Http Json Xml","API Examples","",""
"Prerequisites: The local provider and named HTTP sessions are started by setup; synthetic JSON/XML fixtures and orders.openapi.json are in robot/data/api.
Steps and expected result: POST quantity without required product. Assert HTTP 422 and expect API contract request failed; then validate the error response with validate_request=False. PASS requires both the rejected input and the valid error response.


Kundenvorbereitung (siehe robot/tests/api/README.md):

1. API-Testumgebung, erreichbare Basis-URL und Konto/Token mit den benötigten Rechten bereitstellen.

2. Demo-Serverstart im Suite-Setup durch Kunden-Session ersetzen; Session-Alias und Kunden-Evidence gemäß robot/tests/api/README.md festlegen.

3. Aus einem gültigen Kunden-Request genau ein tatsächlich erforderliches Feld entfernen.

4. Dokumentierten Fehlerstatus und Fehlerantwort im Vertrag bereitstellen; Request- und Response-Prüfung getrennt bewerten.","41","OpenAPI Rejects A Missing Request Field And Validates The 422 Response","","2026-09-14","passed","2026-09-14","02 Openapi Contract","API Examples","",""
"Prerequisites: Setup starts the local demo server, registers page locators and opens Chromium with a fresh context. Public practice credentials and all controls belong to this fixture. The starting page is the playground.
Steps and expected result: Address an open shadow root using a CSS locator; verify the component displays the entered text.


Kundenvorbereitung (siehe robot/tests/browser/README.md):

1. Browser-Runtime, Kunden-Test-URL und benötigte Rolle bereitstellen; den lokalen Serverstart im Fixture ersetzen.

2. Kunden-Locators/Seitenregistrierung und isolierten Browser-Kontext vorbereiten; Details in robot/tests/browser/README.md.

3. Ein Kunden-Webcomponent mit offenem Shadow Root und erreichbarem Eingabefeld wählen.

4. Host-/Kind-Locators und Sollausgabe bestimmen; geschlossene Shadow Roots sind durch diesen CSS-Weg nicht abgedeckt.","254","CSS Locator Reaches An Input Inside An Open Shadow Root","UI Examples","2026-09-14","passed","2026-09-14","04 Modern Browser Controls","UI components","",""
"Prerequisites: Start the dedicated database Compose stack. Suite setup connects using connections.cfg and creates a unique table; test setup seeds id=1, alice, booked.
Steps and expected result: Bind id=2, bob, pending into INSERT and require two rows. UPDATE that id to booked, SELECT and verify its status, then DELETE it. Query the remaining row and prove alice/booked is unchanged.


Kundenvorbereitung (siehe robot/tests/database/README.md):

1. Treiber, erreichbare Kunden-Testdatenbank und passende Verbindungsdatei samt Alias bereitstellen.

2. DDL-/Seed-/Cleanup-Fixture auf eigene Testobjekte und erlaubte Rechte umstellen; Platzhalter an den Treiber anpassen.

3. Eindeutige neue ID und erlaubte Start-/Zielwerte für INSERT und UPDATE reservieren.

4. DELETE auf diese ID begrenzen und einen unabhängigen Bestandsdatensatz zum Nachweis unveränderter Restdaten vorsehen.","20","SQL Bound Parameters Support INSERT UPDATE SELECT And DELETE","","2026-09-14","passed","2026-09-14","Mysql","Database Examples","",""
"Prerequisites: Setup starts the local demo server, registers page locators and opens Chromium with a fresh context. Public practice credentials and all controls belong to this fixture. The starting page is the login page with no signed-in user.
Steps and expected result: Switch the browser offline, verify the visible failure, then restore connectivity and retry the same operation.


Kundenvorbereitung (siehe robot/tests/browser/README.md):

1. Browser-Runtime, Kunden-Test-URL und benötigte Rolle bereitstellen; den lokalen Serverstart im Fixture ersetzen.

2. Kunden-Locators/Seitenregistrierung und isolierten Browser-Kontext vorbereiten; Details in robot/tests/browser/README.md.

3. Eine Kundenaktion mit Netzwerkaufruf und definierten Offline-/Erfolgsmeldungen auswählen.

4. Offline nur für diesen Browser-Kontext aktivieren und Wiederherstellung im FINALLY einplanen; Endpoint und Solltexte anpassen.","838","Offline Failure Is Visible And The Same Action Recovers Online","UI Examples","2026-09-14","passed","2026-09-14","05 Contexts And Network Edge Cases","UI components","",""
"Prerequisites: Enable the json module; inline JSON and versioned files in robot/data/compare supply the inputs. No external service is needed.
Steps and expected result: Catch an intentional mismatch and confirm the persisted report contains type information for both sides.


Kundenvorbereitung (siehe robot/tests/json/README.md):

1. JSON-Modul und unabhängig festgelegte Soll-/Ist-Daten des Kunden bereitstellen; Datenpfade/Inline-Werte anpassen.

2. Feldnamen, Datentypen und erlaubte Filter mit der fachlichen Erwartung abgleichen; eigenen Diff-Ausgabepfad wählen.

3. Einen absichtlichen Kundenwert-Unterschied und ein leeres eigenes Report-Verzeichnis vorbereiten.

4. Die erwartete Assertion sowie notwendige Typinformationen im gespeicherten Diff festlegen.","4","Assertion Writes A Useful Failure Report","Module Examples","2026-09-14","passed","2026-09-14","Configured Comparison And Edits","Json","",""
"Prerequisites: Enable datadriven and read the adjacent semicolon-delimited CSV. Each data row becomes a separate Robot and Allure test.
Steps and expected result: Convert the CSV values to integers, add left and right, and compare with expected. Three rows cover small, zero and negative inputs.


Kundenvorbereitung (siehe robot/tests/data-driven/README.md):

1. DataDriver-Modul und CSV-Datei mit passendem Semikolon-Dialekt und exakt passenden Argumentspalten bereitstellen.

2. Je Zeile eindeutigen Namen, Eingaben und unabhängigen Sollwert definieren; fachliche Daten der Demo ersetzen.

3. CSV-Spalten left/right/expected als ganzzahlige Eingaben und Sollsummen vorbereiten; Kundenberechnung bei Bedarf ersetzen.

4. Typkonvertierung und Sonderfälle wie Null/negative Werte vorab bestimmen; keine Log-Zeile als zusätzliche Template-Datenzeile eintragen.","3","CSV Integer Sum - Zero Value","Module Examples","2026-09-14","passed","2026-09-14","Standalone","Data-Driven","",""
"Prerequisites: Setup starts or reuses the local server, registers page locators and opens a fresh Chromium context per row. Run the same four rows sequentially or with four Pabot workers via demo_prepare.gui.run_demo.
Steps and expected result: Use the row values in the single flat technical template: fill login, select workshop, enter note, check terms, submit and assert participant, confirmation and saved note. The runner verifies four distinct users and login overlap of one sequentially and four in parallel.


Kundenvorbereitung (siehe robot/tests/parallel/README.md):

1. Browser/Pabot-Runtime und vier unabhängige Kundenkonten samt getrennten Daten bereitstellen.

2. Kunden-Login und Locators im flachen Template umsetzen; Demo-Server/Barriere durch geeignete Kunden-Messung ersetzen.

3. Die Zeile dan / API Testing / Dan's examples durch ein eigenes Kundenkonto samt gültigen Formularwerten ersetzen.

4. Erwartete Bestätigung und Notiz je Konto festlegen; dieselbe Zeile in beiden Laufarten verwenden und eigene Kundendaten bereinigen.","1721","Browser Form And Text - Dan","UI Examples","2026-09-14","passed","2026-09-14","Bookings","Sequential","",""
"Prerequisites: Use the approved Playbot runtime with PDF modules and the versioned robot/data fixtures. Test setup creates a separate evidence directory; teardown attaches the comparison evidence.
Steps and expected result: The same documents pass when explicitly configured dynamic fields are masked.


Kundenvorbereitung (siehe robot/tests/pdf/README.md):

1. PDF-Runtime sowie freigegebenen Referenzbeleg und unabhängigen Ist-Beleg mit passenden Dateipfaden bereitstellen.

2. Beschreibbares Evidence-Verzeichnis und passende Aufbewahrung der Kundendokumente festlegen; Demo-Masken nicht ungeprüft übernehmen.

3. Dynamische Kundenfelder und zulässige Seiten-/Textmasken anhand realer Dokumente bestimmen.

4. PDFs wählen, die ausschließlich in diesen erlaubten Bereichen abweichen; Maskenformat und Seitenbezug prüfen.","17","Configured Page And Text Masks Ignore Dynamic Fields","","2026-09-14","passed","2026-09-14","Text Comparison","PDF Examples","",""
"Prerequisites: Setup starts the local demo server, registers page locators and opens Chromium with a fresh context. Public practice credentials and all controls belong to this fixture. The starting page is the login page with no signed-in user.
Steps and expected result: Assert an intentional short timeout, restore the normal timeout and verify successful navigation.


Kundenvorbereitung (siehe robot/tests/browser/README.md):

1. Browser-Runtime, Kunden-Test-URL und benötigte Rolle bereitstellen; den lokalen Serverstart im Fixture ersetzen.

2. Kunden-Locators/Seitenregistrierung und isolierten Browser-Kontext vorbereiten; Details in robot/tests/browser/README.md.

3. Eine kontrolliert verzögerte Kundentestseite oder entsprechende Fixture bereitstellen.

4. Kurzen Fehler-Timeout und normalen Wiederholungs-Timeout festlegen; die Demo-Delay-Query existiert nicht automatisch beim Kunden.","902","Slow Navigation Has A Bounded Timeout And Then Succeeds On Retry","UI Examples","2026-09-14","passed","2026-09-14","05 Contexts And Network Edge Cases","UI components","",""
"Prerequisites: Start the dedicated database Compose stack. Suite setup connects using connections.cfg and creates a unique table; test setup seeds id=1, alice, booked.
Steps and expected result: INSERT id=2 and SELECT within the same uncommitted transaction using no_transaction=True on both calls. Require two visible rows, execute ROLLBACK and require the original single row. A normal Query would commit, so the flag on the intermediate read matters.


Kundenvorbereitung (siehe robot/tests/database/README.md):

1. Treiber, erreichbare Kunden-Testdatenbank und passende Verbindungsdatei samt Alias bereitstellen.

2. DDL-/Seed-/Cleanup-Fixture auf eigene Testobjekte und erlaubte Rechte umstellen; Platzhalter an den Treiber anpassen.

3. Transaktionsfähiges Testobjekt, bekannten Ausgangsbestand und eine freie INSERT-ID bereitstellen.

4. INSERT und Zwischen-SELECT auf derselben Verbindung ohne automatischen Commit ausführen; erst danach explizit ROLLBACK.","10","SQL ROLLBACK Reverts An Uncommitted INSERT","","2026-09-14","passed","2026-09-14","Postgres","Database Examples","",""
"Prerequisites: Setup starts or reuses the local server, registers page locators and opens a fresh Chromium context per row. Run the same four rows sequentially or with four Pabot workers via demo_prepare.gui.run_demo.
Steps and expected result: Use the row values in the single flat technical template: fill login, select workshop, enter note, check terms, submit and assert participant, confirmation and saved note. The runner verifies four distinct users and login overlap of one sequentially and four in parallel.


Kundenvorbereitung (siehe robot/tests/parallel/README.md):

1. Browser/Pabot-Runtime und vier unabhängige Kundenkonten samt getrennten Daten bereitstellen.

2. Kunden-Login und Locators im flachen Template umsetzen; Demo-Server/Barriere durch geeignete Kunden-Messung ersetzen.

3. Die Zeile dan / API Testing / Dan's examples durch ein eigenes Kundenkonto samt gültigen Formularwerten ersetzen.

4. Erwartete Bestätigung und Notiz je Konto festlegen; dieselbe Zeile in beiden Laufarten verwenden und eigene Kundendaten bereinigen.","4560","Browser Form And Text - Dan","UI Examples","2026-09-14","passed","2026-09-14","Bookings","Parallel","",""
"Prerequisites: Use the approved Playbot runtime with PDF modules and the versioned robot/data fixtures. Test setup creates a separate evidence directory; teardown attaches the comparison evidence.
Steps and expected result: The name and date differ. Catch the expected failure and show the HTML/JSON evidence.


Kundenvorbereitung (siehe robot/tests/pdf/README.md):

1. PDF-Runtime sowie freigegebenen Referenzbeleg und unabhängigen Ist-Beleg mit passenden Dateipfaden bereitstellen.

2. Beschreibbares Evidence-Verzeichnis und passende Aufbewahrung der Kundendokumente festlegen; Demo-Masken nicht ungeprüft übernehmen.

3. PDFs mit extrahierbarem Text und einer gezielten Änderung in einem relevanten Kundenfeld wählen.

4. Erwartete betroffene Seiten und HTML-Diff festlegen; Beispielname und Datum sind Demo-Unterschiede.","67","Changed Text Produces A Readable Difference","","2026-09-14","passed","2026-09-14","Text Comparison","PDF Examples","",""
"Prerequisites: Setup starts or reuses the local server, registers page locators and opens a fresh Chromium context per row. Run the same four rows sequentially or with four Pabot workers via demo_prepare.gui.run_demo.
Steps and expected result: Use the row values in the single flat technical template: fill login, select workshop, enter note, check terms, submit and assert participant, confirmation and saved note. The runner verifies four distinct users and login overlap of one sequentially and four in parallel.


Kundenvorbereitung (siehe robot/tests/parallel/README.md):

1. Browser/Pabot-Runtime und vier unabhängige Kundenkonten samt getrennten Daten bereitstellen.

2. Kunden-Login und Locators im flachen Template umsetzen; Demo-Server/Barriere durch geeignete Kunden-Messung ersetzen.

3. Die Zeile carol / UI Automation / Carol's questions durch ein eigenes Kundenkonto samt gültigen Formularwerten ersetzen.

4. Erwartete Bestätigung und Notiz je Konto festlegen; dieselbe Zeile in beiden Laufarten verwenden und eigene Kundendaten bereinigen.","1638","Browser Form And Text - Carol","UI Examples","2026-09-14","passed","2026-09-14","Bookings","Sequential","",""
"Prerequisites: Setup starts the local demo server, registers page locators and opens Chromium with a fresh context. Public practice credentials and all controls belong to this fixture. The starting page is the playground.
Steps and expected result: Accept the confirmation dialog and verify the booking is cancelled.


Kundenvorbereitung (siehe robot/tests/browser/README.md):

1. Browser-Runtime, Kunden-Test-URL und benötigte Rolle bereitstellen; den lokalen Serverstart im Fixture ersetzen.

2. Kunden-Locators/Seitenregistrierung und isolierten Browser-Kontext vorbereiten; Details in robot/tests/browser/README.md.

3. Einen für den Test vorgesehenen entfernbaren/stornierbaren Kundendatensatz vorbereiten.

4. Bestätigungsdialog und Nachweis der ausgeführten Aktion bestimmen; Datenbereinigung beziehungsweise Wiederherstellung einplanen.","290","Confirmation Can Be Accepted To Cancel The Booking","UI Examples","2026-09-14","passed","2026-09-14","04 Modern Browser Controls","UI components","",""
"Prerequisites: Setup starts the local demo server, registers page locators and opens Chromium with a fresh context. Public practice credentials and all controls belong to this fixture. The starting page is the playground.
Steps and expected result: Demonstrate Playwright actionability waiting against a disabled control, with no fixed sleep in the test.


Kundenvorbereitung (siehe robot/tests/browser/README.md):

1. Browser-Runtime, Kunden-Test-URL und benötigte Rolle bereitstellen; den lokalen Serverstart im Fixture ersetzen.

2. Kunden-Locators/Seitenregistrierung und isolierten Browser-Kontext vorbereiten; Details in robot/tests/browser/README.md.

3. Ein Control auswählen, das im Kundensystem erst nach einer beobachtbaren Vorbereitung bedienbar wird.

4. Stabilen Locator, erwartete Wirkung und angemessenen Timeout festlegen; keine feste Wartezeit als Ersatz einbauen.","1196","Click Automatically Waits Until A Delayed Button Is Enabled","UI Examples","2026-09-14","passed","2026-09-14","03 Forms And Playwright Waiting","UI components","",""
"Prerequisites: Enable datadriven and read the adjacent semicolon-delimited CSV. Each data row becomes a separate Robot and Allure test. Enable browser and initialize Chromium; the template creates an in-memory HTML page and always closes the session.
Steps and expected result: Open a browser session, create the data URL page, read its title and compare with expected_title from each CSV row. FINALLY closes the session even if the assertion fails.


Kundenvorbereitung (siehe robot/tests/data-driven/README.md):

1. DataDriver-Modul und CSV-Datei mit passendem Semikolon-Dialekt und exakt passenden Argumentspalten bereitstellen.

2. Je Zeile eindeutigen Namen, Eingaben und unabhängigen Sollwert definieren; fachliche Daten der Demo ersetzen.

3. Zusätzlich Browser-Runtime, Kunden-URL/Login und Solltitel je CSV-Zeile bereitstellen.

4. Die eingebettete data:-Demoseite ersetzen; Browser pro Datenzeile öffnen und auch bei Fehlern schließen.","2081","CSV Browser Title - First Row","Module Examples","2026-09-14","passed","2026-09-14","Browser Composition","Data-Driven","",""
"Prerequisites: Setup starts or reuses the local server, registers page locators and opens a fresh Chromium context per row. Run the same four rows sequentially or with four Pabot workers via demo_prepare.gui.run_demo.
Steps and expected result: Use the row values in the single flat technical template: fill login, select workshop, enter note, check terms, submit and assert participant, confirmation and saved note. The runner verifies four distinct users and login overlap of one sequentially and four in parallel.


Kundenvorbereitung (siehe robot/tests/parallel/README.md):

1. Browser/Pabot-Runtime und vier unabhängige Kundenkonten samt getrennten Daten bereitstellen.

2. Kunden-Login und Locators im flachen Template umsetzen; Demo-Server/Barriere durch geeignete Kunden-Messung ersetzen.

3. Die Zeile alice / UI Automation / Alice's laptop durch ein eigenes Kundenkonto samt gültigen Formularwerten ersetzen.

4. Erwartete Bestätigung und Notiz je Konto festlegen; dieselbe Zeile in beiden Laufarten verwenden und eigene Kundendaten bereinigen.","1897","Browser Form And Text - Alice","UI Examples","2026-09-14","passed","2026-09-14","Bookings","Sequential","",""
"Prerequisites: Enable datadriven and read the adjacent semicolon-delimited CSV. Each data row becomes a separate Robot and Allure test.
Steps and expected result: Convert the CSV values to integers, add left and right, and compare with expected. Three rows cover small, zero and negative inputs.


Kundenvorbereitung (siehe robot/tests/data-driven/README.md):

1. DataDriver-Modul und CSV-Datei mit passendem Semikolon-Dialekt und exakt passenden Argumentspalten bereitstellen.

2. Je Zeile eindeutigen Namen, Eingaben und unabhängigen Sollwert definieren; fachliche Daten der Demo ersetzen.

3. CSV-Spalten left/right/expected als ganzzahlige Eingaben und Sollsummen vorbereiten; Kundenberechnung bei Bedarf ersetzen.

4. Typkonvertierung und Sonderfälle wie Null/negative Werte vorab bestimmen; keine Log-Zeile als zusätzliche Template-Datenzeile eintragen.","3","CSV Integer Sum - Negative Value","Module Examples","2026-09-14","passed","2026-09-14","Standalone","Data-Driven","",""
"Prerequisites: Start the dedicated database Compose stack. Suite setup connects using connections.cfg and creates a unique table; test setup seeds id=1, alice, booked.
Steps and expected result: INSERT id=2 and SELECT within the same uncommitted transaction using no_transaction=True on both calls. Require two visible rows, execute ROLLBACK and require the original single row. A normal Query would commit, so the flag on the intermediate read matters.


Kundenvorbereitung (siehe robot/tests/database/README.md):

1. Treiber, erreichbare Kunden-Testdatenbank und passende Verbindungsdatei samt Alias bereitstellen.

2. DDL-/Seed-/Cleanup-Fixture auf eigene Testobjekte und erlaubte Rechte umstellen; Platzhalter an den Treiber anpassen.

3. Transaktionsfähiges Testobjekt, bekannten Ausgangsbestand und eine freie INSERT-ID bereitstellen.

4. INSERT und Zwischen-SELECT auf derselben Verbindung ohne automatischen Commit ausführen; erst danach explizit ROLLBACK.","9","SQL ROLLBACK Reverts An Uncommitted INSERT","","2026-09-14","passed","2026-09-14","Oracle","Database Examples","",""
"Prerequisites: Use the approved Playbot runtime with PDF modules and the versioned robot/data fixtures. Test setup creates a separate evidence directory; teardown attaches the comparison evidence.
Steps and expected result: Export a PNG with an opaque black region and inspect a pixel inside that region.


Kundenvorbereitung (siehe robot/tests/pdf/README.md):

1. PDF-Visual-/Reporting-Runtime und beschreibbare Eingabe-/Ausgabepfade für die Schwärzung bereitstellen.

2. Beschreibbares Evidence-Verzeichnis und passende Aufbewahrung der Kundendokumente festlegen; Demo-Masken nicht ungeprüft übernehmen.

3. Kundenbild, tatsächliche Schwärzungsmaske und neue Ausgabedatei bestimmen.

4. Einen Prüfpunkt innerhalb der eigenen Region wählen; (25,25) und RGB (0,0,0) gehören zum Demo-Nachweis.","12","Screenshot Regions Are Opaque Black","","2026-09-14","passed","2026-09-14","Redaction","PDF Examples","",""
"Prerequisites: Use the approved Playbot runtime with PDF modules and the versioned robot/data fixtures. Test setup creates a separate evidence directory; teardown attaches the comparison evidence.
Steps and expected result: Translation preserves mask compatibility; candidate and reference still have unmasked differences.


Kundenvorbereitung (siehe robot/tests/pdf/README.md):

1. PDF-Visual-/Reporting-Runtime und die vorhandene Legacy-Maskenkonfiguration für die Übersetzung bereitstellen.

2. Beschreibbares Evidence-Verzeichnis und passende Aufbewahrung der Kundendokumente festlegen; Demo-Masken nicht ungeprüft übernehmen.

3. Vorhandene Legacy-Maskendatei des Kunden und dazu passende Vergleichsbelege bereitstellen.

4. Übersetzte Masken an bekannten Regionen prüfen und für diesen Negativfall mindestens eine unmaskierte Abweichung erhalten.","669","Translated Legacy Masks Work With The Visual Engine","","2026-09-14","passed","2026-09-14","Mask Translation","PDF Examples","",""
"Prerequisites: The local provider and named HTTP sessions are started by setup; synthetic JSON/XML fixtures and orders.openapi.json are in robot/data/api.
Steps and expected result: GET /orders/42 and validate the actual request and response against orders.openapi.json: authentication header, HTTP status, media type and field types. Attach the HTTP exchange and contract.


Kundenvorbereitung (siehe robot/tests/api/README.md):

1. API-Testumgebung, erreichbare Basis-URL und Konto/Token mit den benötigten Rechten bereitstellen.

2. Demo-Serverstart im Suite-Setup durch Kunden-Session ersetzen; Session-Alias und Kunden-Evidence gemäß robot/tests/api/README.md festlegen.

3. Eine zur Kunden-API passende gebündelte OpenAPI-JSON mit lokalen Referenzen bereitstellen.

4. Einen vorhandenen Datensatz und vertragsgemäßen GET samt Authentifizierung, Status und Medientyp festlegen.","336","OpenAPI Validates The Real GET Request And Response","","2026-09-14","passed","2026-09-14","02 Openapi Contract","API Examples","",""
"Prerequisites: Setup starts the local demo server, registers page locators and opens Chromium with a fresh context. Public practice credentials and all controls belong to this fixture. The starting page is the login page with no signed-in user.
Steps and expected result: Verify that a reload retains a user cookie and session storage in the same context.


Kundenvorbereitung (siehe robot/tests/browser/README.md):

1. Browser-Runtime, Kunden-Test-URL und benötigte Rolle bereitstellen; den lokalen Serverstart im Fixture ersetzen.

2. Kunden-Locators/Seitenregistrierung und isolierten Browser-Kontext vorbereiten; Details in robot/tests/browser/README.md.

3. Gültigen Kundenlogin und tatsächliche Cookie-/Session-Storage-Schlüssel mit Sollwerten bestimmen.

4. Reload innerhalb desselben Kontexts prüfen; workshop_theme, draft und participant sind Demo-Schlüssel.","1453","Cookies And Session Storage Survive Reload Within A Context","UI Examples","2026-09-14","passed","2026-09-14","05 Contexts And Network Edge Cases","UI components","",""
"Prerequisites: Use the approved runtime with Java and the WireMock JAR. The per-test setup starts isolated mock processes and loads the named mappings from robot/data/api/mocks; teardown closes HTTP sessions and listener cleanup stops mocks.
Steps and expected result: Preparation teaches an isolated supplier the expected XML request. The test submits that request and compares the real HTTP response using the XML module. Structural XML matching and XML response comparison are visible separately.


Kundenvorbereitung (siehe robot/tests/api/README.md):

1. Modul api-mocks mit Java/WireMock bereitstellen und je Test einen eigenen Mock-Prozess vorsehen.

2. Matching- und Antwortdateien unter robot/data/api/mocks auf den Vertrag der Kundenabhängigkeit umstellen.

3. Einen passenden XML-Request samt Kunden-Namespace in der Mock-Regel hinterlegen.

4. Eine unabhängig definierte Antwortstruktur bereitstellen; die Demo-Elemente GetOrder/id/order ersetzen.","1707","XML Request Matching And Response Comparison","","2026-09-14","passed","2026-09-14","03 Wiremock","API Examples","",""
"Prerequisites: Setup starts the local demo server, registers page locators and opens Chromium with a fresh context. Public practice credentials and all controls belong to this fixture. The starting page is the playground.
Steps and expected result: The invalid password must show an error without navigating; a valid retry must recover within the same browser context.


Kundenvorbereitung (siehe robot/tests/browser/README.md):

1. Browser-Runtime, Kunden-Test-URL und benötigte Rolle bereitstellen; den lokalen Serverstart im Fixture ersetzen.

2. Kunden-Locators/Seitenregistrierung und isolierten Browser-Kontext vorbereiten; Details in robot/tests/browser/README.md.

3. Ein erlaubtes Testkonto, einen kontrolliert ungültigen Login und den anschließenden gültigen Login bereitstellen.

4. Kundenfehlertext und Erfolgszustand festlegen; Sperrverhalten des Kontos bei Fehlversuchen berücksichtigen.","1710","Invalid Login Shows An Error And A Valid Retry Opens The Workshop","UI Examples","2026-09-14","passed","2026-09-14","03 Forms And Playwright Waiting","UI components","",""
"Prerequisites: Use the approved Playbot runtime with PDF modules and the versioned robot/data fixtures. Test setup creates a separate evidence directory; teardown attaches the comparison evidence.
Steps and expected result: Stop after one differing page; the report records that the comparison limit was reached.


Kundenvorbereitung (siehe robot/tests/pdf/README.md):

1. PDF-Runtime sowie freigegebenen Referenzbeleg und unabhängigen Ist-Beleg mit passenden Dateipfaden bereitstellen.

2. Beschreibbares Evidence-Verzeichnis und passende Aufbewahrung der Kundendokumente festlegen; Demo-Masken nicht ungeprüft übernehmen.

3. PDFs mit bekannten Textabweichungen und eine gewünschte Abbruchgrenze vorbereiten.

4. Ergebnis auf die untersuchten Seiten beziehen; nach Erreichen der Grenze sind übrige Seiten nicht als gleich belegt.","15","Difference Limit Stops After One Affected Page","","2026-09-14","passed","2026-09-14","Text Comparison","PDF Examples","",""
"Prerequisites: Setup starts the local demo server, registers page locators and opens Chromium with a fresh context. Public practice credentials and all controls belong to this fixture. The starting page is the login page with no signed-in user.
Steps and expected result: A domain expert reads the intention; the keyword expands into medium then low steps.


Kundenvorbereitung (siehe robot/tests/browser/README.md):

1. Browser-Runtime, Kunden-Test-URL und benötigte Rolle bereitstellen; den lokalen Serverstart im Fixture ersetzen.

2. Kunden-Locators/Seitenregistrierung und isolierten Browser-Kontext vorbereiten; Details in robot/tests/browser/README.md.

3. Einen Kundenablauf samt identischen Daten/Sollwerten für High-, Medium- und Low-Fall festlegen.

4. Fachliche High-/Medium-Keywords an den Kundenprozess anpassen; diese Abstraktion ist hier ausdrücklich das Lernziel.","1820","High Level - Participant Books A Workshop In Business Language","UI Examples","2026-09-14","passed","2026-09-14","01 Keyword Levels","UI components","",""
"Prerequisites: Enable the json module; inline JSON and versioned files in robot/data/compare supply the inputs. No external service is needed.
Steps and expected result: Limit comparison to the status field and ignore unrelated fixture differences.


Kundenvorbereitung (siehe robot/tests/json/README.md):

1. JSON-Modul und unabhängig festgelegte Soll-/Ist-Daten des Kunden bereitstellen; Datenpfade/Inline-Werte anpassen.

2. Feldnamen, Datentypen und erlaubte Filter mit der fachlichen Erwartung abgleichen; eigenen Diff-Ausgabepfad wählen.

3. Die fachlich relevanten Whitelist-Felder festlegen und Unterschiede nur außerhalb dieser Felder vorbereiten.

4. Erwartung auf den ausgewählten Bereich begrenzen; ein grüner Vergleich belegt keine Gleichheit aller Felder.","1","JSON Whitelist Compares Only The Selected Status Field","Module Examples","2026-09-14","passed","2026-09-14","Configured Comparison And Edits","Json","",""
"Prerequisites: Enable datadriven and read the adjacent semicolon-delimited CSV. Each data row becomes a separate Robot and Allure test.
Steps and expected result: Convert the CSV values to integers, add left and right, and compare with expected. Three rows cover small, zero and negative inputs.


Kundenvorbereitung (siehe robot/tests/data-driven/README.md):

1. DataDriver-Modul und CSV-Datei mit passendem Semikolon-Dialekt und exakt passenden Argumentspalten bereitstellen.

2. Je Zeile eindeutigen Namen, Eingaben und unabhängigen Sollwert definieren; fachliche Daten der Demo ersetzen.

3. CSV-Spalten left/right/expected als ganzzahlige Eingaben und Sollsummen vorbereiten; Kundenberechnung bei Bedarf ersetzen.

4. Typkonvertierung und Sonderfälle wie Null/negative Werte vorab bestimmen; keine Log-Zeile als zusätzliche Template-Datenzeile eintragen.","3","CSV Integer Sum - Positive Values","Module Examples","2026-09-14","passed","2026-09-14","Standalone","Data-Driven","",""
"Prerequisites: Start the dedicated database Compose stack. Suite setup connects using connections.cfg and creates a unique table; test setup seeds id=1, alice, booked.
Steps and expected result: Query participant and status ordered by id. Require exactly one row with alice and booked; log the actual database alias used.


Kundenvorbereitung (siehe robot/tests/database/README.md):

1. Treiber, erreichbare Kunden-Testdatenbank und passende Verbindungsdatei samt Alias bereitstellen.

2. DDL-/Seed-/Cleanup-Fixture auf eigene Testobjekte und erlaubte Rechte umstellen; Platzhalter an den Treiber anpassen.

3. Einen bekannten Datensatz im Testobjekt bereitstellen und erwartete Anzahl sowie Spaltenwerte festlegen.

4. SELECT, Sortierung und Assertions statt participant/status/alice/booked auf das Kundenschema ausrichten.","9","SQL SELECT Extracts Rows And Checks Column Values","","2026-09-14","passed","2026-09-14","Postgres","Database Examples","",""
"Prerequisites: Start the dedicated database Compose stack. Suite setup connects using connections.cfg and creates a unique table; test setup seeds id=1, alice, booked.
Steps and expected result: Query participant and status ordered by id. Require exactly one row with alice and booked; log the actual database alias used.


Kundenvorbereitung (siehe robot/tests/database/README.md):

1. Treiber, erreichbare Kunden-Testdatenbank und passende Verbindungsdatei samt Alias bereitstellen.

2. DDL-/Seed-/Cleanup-Fixture auf eigene Testobjekte und erlaubte Rechte umstellen; Platzhalter an den Treiber anpassen.

3. Einen bekannten Datensatz im Testobjekt bereitstellen und erwartete Anzahl sowie Spaltenwerte festlegen.

4. SELECT, Sortierung und Assertions statt participant/status/alice/booked auf das Kundenschema ausrichten.","19","SQL SELECT Extracts Rows And Checks Column Values","","2026-09-14","passed","2026-09-14","Mysql","Database Examples","",""
"Prerequisites: the Given step starts the local server, registers pages and opens Chromium with a fresh context. Steps and expected result: execute the business-language When through High/Medium/Low keywords; assert alice, API Testing, Bring a laptop and WB-1001. This example intentionally teaches business/technical separation.

Kundenvorbereitung (siehe robot/tests/gherkin/README.md):
1. Browser-Runtime, Kunden-Testumgebung und ein Konto mit Buchungsrecht bereitstellen.
2. Given/When/Then-Keywords und ihre UI-Locators auf den Kundenprozess abbilden.
3. Alice, API Testing, Notiz und WB-1001 durch Kundeneingaben und unabhängige Sollwerte ersetzen.
4. Ausgangszustand und Bereinigung definieren; die Beschreibung im Given-Keyword ebenfalls anpassen.","2972","Alice books her API Testing workshop","","2026-09-14","passed","2026-09-14","Workshop-Booking-In-Business-Language","Gherkin Examples","",""
"Prerequisites: Enable the xml module; inline XML and versioned files in robot/data/compare supply the inputs. No external service is needed.
Steps and expected result: Catch an intentional XML mismatch and require a saved report for later diagnosis.


Kundenvorbereitung (siehe robot/tests/xml/README.md):

1. XML-Modul, gültige Soll-/Ist-Dokumente und deren Namespaces/Kodierung bereitstellen.

2. Kunden-Tags/Pfade und erlaubte Filter festlegen; eigene Daten- und Diff-Ausgabepfade verwenden.

3. Zwei Kunden-XMLs mit genau bekannter inhaltlicher Abweichung vorbereiten.

4. Erwarteten Fehler und beschreibbaren Diff-Pfad bestimmen; die Existenz des Reports zusätzlich prüfen.","3","XML Assertion Persists Differences","Module Examples","2026-09-14","passed","2026-09-14","Xml Comparison","Xml","",""
"Prerequisites: Setup starts the local demo server, registers page locators and opens Chromium with a fresh context. Public practice credentials and all controls belong to this fixture. The starting page is the playground.
Steps and expected result: After the app replaces a DOM node, reuse its selector and verify the replacement receives the new value.


Kundenvorbereitung (siehe robot/tests/browser/README.md):

1. Browser-Runtime, Kunden-Test-URL und benötigte Rolle bereitstellen; den lokalen Serverstart im Fixture ersetzen.

2. Kunden-Locators/Seitenregistrierung und isolierten Browser-Kontext vorbereiten; Details in robot/tests/browser/README.md.

3. Eine Kundenaktion bestimmen, die das betreffende DOM-Element tatsächlich ersetzt.

4. Wiederverwendbaren Locator und Nachweis des neuen Elements festlegen; data-generation=2 ist ein Demo-Merkmal.","414","Locator Finds The Replacement DOM Element On The Next Action","UI Examples","2026-09-14","passed","2026-09-14","03 Forms And Playwright Waiting","UI components","",""
"Prerequisites: Use the Playbot runtime. No browser or external service is needed; the messages are deliberate demonstration output.
Steps and expected result: These are demonstration messages. An ERROR log line alone is not a failed assertion.


Kundenvorbereitung (siehe robot/tests/logging/README.md):

1. Playbot-Runtime bereitstellen; dieses Logging-Beispiel benötigt keinen Zugang zu einem Kundensystem.

2. Kundenbezogene Meldungstexte und benötigten Log-Level festlegen; Zugangsdaten aus den Meldungen heraushalten.

3. Für sichtbare Debug-Ausgaben DEBUG als Robot-Loglevel auswählen; für Allure den Listener aktivieren.

4. Echte Testfehler mit Assertions melden; die absichtliche Error-Logmeldung dieses Beispiels ist kein fehlgeschlagener Kundentest.","36","Logging Levels Are Visible In The Report","Module Examples","2026-09-14","passed","2026-09-14","Levels And Test Status","Logging","",""
"Prerequisites: Use the approved Playbot runtime with PDF modules and the versioned robot/data fixtures. Test setup creates a separate evidence directory; teardown attaches the comparison evidence.
Steps and expected result: A red rectangle becomes blue while text stays identical. Expect a pixel difference.


Kundenvorbereitung (siehe robot/tests/pdf/README.md):

1. PDF-Runtime sowie freigegebenen Referenzbeleg und unabhängigen Ist-Beleg mit passenden Dateipfaden bereitstellen.

2. Beschreibbares Evidence-Verzeichnis und passende Aufbewahrung der Kundendokumente festlegen; Demo-Masken nicht ungeprüft übernehmen.

3. Zwei gleich gerenderte Kundenbelege mit identischem Text und gezielt abweichender Grafik bereitstellen.

4. Betroffene Seite und erwarteten Pixel-Diff festlegen; die Demo ändert ein rotes Rechteck in blau.","27","Graphic Color Changes Fail Visual Comparison","","2026-09-14","passed","2026-09-14","Visual Comparison","PDF Examples","",""
"Prerequisites: Enable the json module; inline JSON and versioned files in robot/data/compare supply the inputs. No external service is needed.
Steps and expected result: Exercise the basic equality result before adding filters or runtime modifications.


Kundenvorbereitung (siehe robot/tests/json/README.md):

1. JSON-Modul und unabhängig festgelegte Soll-/Ist-Daten des Kunden bereitstellen; Datenpfade/Inline-Werte anpassen.

2. Feldnamen, Datentypen und erlaubte Filter mit der fachlichen Erwartung abgleichen; eigenen Diff-Ausgabepfad wählen.

3. Ein gültiges repräsentatives Kundendokument für den Gleichheitsfall vorbereiten.

4. Hier werden bewusst dieselben Eingabedaten zweimal verglichen; für den fachlichen Vergleich später unabhängige Ist-Daten zuführen.","2","Equal JSON Documents Produce No Differences","Module Examples","2026-09-14","passed","2026-09-14","Json Comparison","Json","",""
"Prerequisites: Use the approved runtime with Java and the WireMock JAR. The per-test setup starts isolated mock processes and loads the named mappings from robot/data/api/mocks; teardown closes HTTP sessions and listener cleanup stops mocks.
Steps and expected result: Preparation starts two independent suppliers on separate local ports; only the first has an outage rule. The first returns the configured 503, the second returns 404, and its unmatched-request journal proves it did not inherit the first supplier’s mappings.


Kundenvorbereitung (siehe robot/tests/api/README.md):

1. Modul api-mocks mit Java/WireMock bereitstellen und je Test einen eigenen Mock-Prozess vorsehen.

2. Matching- und Antwortdateien unter robot/data/api/mocks auf den Vertrag der Kundenabhängigkeit umstellen.

3. Zwei getrennte Mock-Prozesse und unterschiedliche Session-Aliase auf eigenen Ports vorbereiten.

4. Nur dem ersten die Kunden-Regel geben; Verhalten des zweiten ohne Regel einschließlich Aufrufjournal vereinbaren.","3609","Second Service Has Independent Mappings","","2026-09-14","passed","2026-09-14","03 Wiremock","API Examples","",""
"Prerequisites: Use the approved Playbot runtime with PDF modules and the versioned robot/data fixtures. Test setup creates a separate evidence directory; teardown attaches the comparison evidence.
Steps and expected result: A second blank page is still a structural difference; detecting it is the expected outcome.


Kundenvorbereitung (siehe robot/tests/pdf/README.md):

1. PDF-Runtime sowie freigegebenen Referenzbeleg und unabhängigen Ist-Beleg mit passenden Dateipfaden bereitstellen.

2. Beschreibbares Evidence-Verzeichnis und passende Aufbewahrung der Kundendokumente festlegen; Demo-Masken nicht ungeprüft übernehmen.

3. Zwei PDFs mit identischem Inhalt, aber genau einer zusätzlichen leeren Originalseite vorbereiten.

4. Die tatsächlich zusätzliche Seitennummer als erwarteten Strukturfehler festlegen; Seite 2 ist hier das Beispiel.","11","Additional Blank Page Is A Difference","","2026-09-14","passed","2026-09-14","Text Comparison","PDF Examples","",""
"Prerequisites: Use the approved Playbot runtime with PDF modules and the versioned robot/data fixtures. Test setup creates a separate evidence directory; teardown attaches the comparison evidence.
Steps and expected result: Export a raster PDF and verify the original searchable text is absent. Preview the output in the dashboard.


Kundenvorbereitung (siehe robot/tests/pdf/README.md):

1. PDF-Visual-/Reporting-Runtime und beschreibbare Eingabe-/Ausgabepfade für die Schwärzung bereitstellen.

2. Beschreibbares Evidence-Verzeichnis und passende Aufbewahrung der Kundendokumente festlegen; Demo-Masken nicht ungeprüft übernehmen.

3. Kunden-PDF mit nachweisbarer Textebene und passende Schwärzungsregionen bereitstellen.

4. Festlegen, ob gerasterte Ausgabe ohne ursprüngliche Textebene für diesen Prüfzweck gewünscht ist.","182","Redacted PDF Has No Original Text Layer","","2026-09-14","passed","2026-09-14","Redaction","PDF Examples","",""
"Prerequisites: Enable datadriven and read the adjacent semicolon-delimited CSV. Each data row becomes a separate Robot and Allure test. Enable browser and initialize Chromium; the template creates an in-memory HTML page and always closes the session.
Steps and expected result: Open a browser session, create the data URL page, read its title and compare with expected_title from each CSV row. FINALLY closes the session even if the assertion fails.


Kundenvorbereitung (siehe robot/tests/data-driven/README.md):

1. DataDriver-Modul und CSV-Datei mit passendem Semikolon-Dialekt und exakt passenden Argumentspalten bereitstellen.

2. Je Zeile eindeutigen Namen, Eingaben und unabhängigen Sollwert definieren; fachliche Daten der Demo ersetzen.

3. Zusätzlich Browser-Runtime, Kunden-URL/Login und Solltitel je CSV-Zeile bereitstellen.

4. Die eingebettete data:-Demoseite ersetzen; Browser pro Datenzeile öffnen und auch bei Fehlern schließen.","319","CSV Browser Title - Second Row","Module Examples","2026-09-14","passed","2026-09-14","Browser Composition","Data-Driven","",""
"Prerequisites: The local provider and named HTTP sessions are started by setup; synthetic JSON/XML fixtures and orders.openapi.json are in robot/data/api.
Steps and expected result: The test setup additionally starts a broken provider returning amount as text. GET its response and expect API contract response failed. PASS means the type mismatch was detected; inspect the expected inner failure in Allure.


Kundenvorbereitung (siehe robot/tests/api/README.md):

1. API-Testumgebung, erreichbare Basis-URL und Konto/Token mit den benötigten Rechten bereitstellen.

2. Demo-Serverstart im Suite-Setup durch Kunden-Session ersetzen; Session-Alias und Kunden-Evidence gemäß robot/tests/api/README.md festlegen.

3. In einem kontrollierten Testprovider gezielt einen Zahlenwert als String liefern lassen; normalen Kundenservice nicht dafür verändern.

4. Die korrekte Kunden-OpenAPI beibehalten und das betroffene Feld statt des Demo-Felds amount auswählen.","27","OpenAPI Rejects A String In A Numeric Response Field","","2026-09-14","passed","2026-09-14","02 Openapi Contract","API Examples","",""
"Prerequisites: Enable the json module; inline JSON and versioned files in robot/data/compare supply the inputs. No external service is needed.
Steps and expected result: Stop at one difference and verify the report explicitly records the reached limit.


Kundenvorbereitung (siehe robot/tests/json/README.md):

1. JSON-Modul und unabhängig festgelegte Soll-/Ist-Daten des Kunden bereitstellen; Datenpfade/Inline-Werte anpassen.

2. Feldnamen, Datentypen und erlaubte Filter mit der fachlichen Erwartung abgleichen; eigenen Diff-Ausgabepfad wählen.

3. Dokumente mit mehr Unterschieden als die gewählte Grenze bereitstellen.

4. Limit-Konfiguration und erwartete Metadaten difference_count/limit_reached festlegen.","3","Configured Discrepancy Limit Is Recorded","Module Examples","2026-09-14","passed","2026-09-14","Configured Comparison And Edits","Json","",""
"Prerequisites: Setup starts the local demo server, registers page locators and opens Chromium with a fresh context. Public practice credentials and all controls belong to this fixture. The starting page is the playground.
Steps and expected result: Upload the versioned preparation file and verify the app reads both its filename and contents.


Kundenvorbereitung (siehe robot/tests/browser/README.md):

1. Browser-Runtime, Kunden-Test-URL und benötigte Rolle bereitstellen; den lokalen Serverstart im Fixture ersetzen.

2. Kunden-Locators/Seitenregistrierung und isolierten Browser-Kontext vorbereiten; Details in robot/tests/browser/README.md.

3. Eine akzeptierte Kundentestdatei mit bekanntem Namen/Inhalt auf dem Runner bereitstellen.

4. Upload-Locator und server-/UI-seitigen Erfolgsnachweis festlegen; preparation.txt und dessen Text ersetzen.","293","File Upload Reads The Selected Local Fixture","UI Examples","2026-09-14","passed","2026-09-14","04 Modern Browser Controls","UI components","",""
"Prerequisites: Start the dedicated database Compose stack. Suite setup connects using connections.cfg and creates a unique table; test setup seeds id=1, alice, booked.
Steps and expected result: Bind id=2, bob, pending into INSERT and require two rows. UPDATE that id to booked, SELECT and verify its status, then DELETE it. Query the remaining row and prove alice/booked is unchanged.


Kundenvorbereitung (siehe robot/tests/database/README.md):

1. Treiber, erreichbare Kunden-Testdatenbank und passende Verbindungsdatei samt Alias bereitstellen.

2. DDL-/Seed-/Cleanup-Fixture auf eigene Testobjekte und erlaubte Rechte umstellen; Platzhalter an den Treiber anpassen.

3. Eindeutige neue ID und erlaubte Start-/Zielwerte für INSERT und UPDATE reservieren.

4. DELETE auf diese ID begrenzen und einen unabhängigen Bestandsdatensatz zum Nachweis unveränderter Restdaten vorsehen.","16","SQL Bound Parameters Support INSERT UPDATE SELECT And DELETE","","2026-09-14","passed","2026-09-14","Postgres","Database Examples","",""
"Prerequisites: Setup starts the local demo server, registers page locators and opens Chromium with a fresh context. Public practice credentials and all controls belong to this fixture. The starting page is the login page with no signed-in user.
Steps and expected result: Prove that an absent customer override falls back to Default Fill Text and still enters the intended value.


Kundenvorbereitung (siehe robot/tests/browser/README.md):

1. Browser-Runtime, Kunden-Test-URL und benötigte Rolle bereitstellen; den lokalen Serverstart im Fixture ersetzen.

2. Kunden-Locators/Seitenregistrierung und isolierten Browser-Kontext vorbereiten; Details in robot/tests/browser/README.md.

3. Ein Kunden-Projekt ohne eigenes Fill-Text-Override und einen passenden semantischen Feld-Locator vorbereiten.

4. Erwarteten Feldwert und den Standardpfad festlegen; Demo-Keywordname UiWorkshop Fill Text durch eigenes Präfix ersetzen.","381","Missing Customer Fill Method Uses The Playbot Default","UI Examples","2026-09-14","passed","2026-09-14","02 Automatic Page And Method Resolution","UI components","",""
"Prerequisites: Use the approved Playbot runtime with PDF modules and the versioned robot/data fixtures. Test setup creates a separate evidence directory; teardown attaches the comparison evidence.
Steps and expected result: Compare the same unequal page counts, explicitly excluding original page 2.


Kundenvorbereitung (siehe robot/tests/pdf/README.md):

1. PDF-Runtime sowie freigegebenen Referenzbeleg und unabhängigen Ist-Beleg mit passenden Dateipfaden bereitstellen.

2. Beschreibbares Evidence-Verzeichnis und passende Aufbewahrung der Kundendokumente festlegen; Demo-Masken nicht ungeprüft übernehmen.

3. Eine fachlich ausdrücklich ausgeschlossene Originalseite und zwei sonst passende Belege bereitstellen.

4. Dieselbe Seitenauswahl in Evidence und Vergleich übergeben; die übrigen Seiten müssen weiter prüfbar bleiben.","10","Excluded Page Does Not Affect Equality","","2026-09-14","passed","2026-09-14","Text Comparison","PDF Examples","",""
"Prerequisites: The local provider and named HTTP sessions are started by setup; synthetic JSON/XML fixtures and orders.openapi.json are in robot/data/api.
Steps and expected result: Send GET /orders/42 through the anonymous session. Assert HTTP 401 and the unauthorized JSON body. PASS means the intentional authentication rejection was observed.


Kundenvorbereitung (siehe robot/tests/api/README.md):

1. API-Testumgebung, erreichbare Basis-URL und Konto/Token mit den benötigten Rechten bereitstellen.

2. Demo-Serverstart im Suite-Setup durch Kunden-Session ersetzen; Session-Alias und Kunden-Evidence gemäß robot/tests/api/README.md festlegen.

3. Einen geschützten Lese-Endpunkt und dieselben Ausgangsdaten wie für den authentifizierten Fall wählen.

4. Eine Session ohne Authentifizierung und den vereinbarten Status/Fehlerbody vorbereiten; 401 ist hier die Demo-Erwartung.","4","HTTP GET Without Bearer Token Checks The 401 JSON Response","","2026-09-14","passed","2026-09-14","01 Http Json Xml","API Examples","",""
"Prerequisites: Enable the json module; inline JSON and versioned files in robot/data/compare supply the inputs. No external service is needed.
Steps and expected result: Compare two owned JSON fixtures and verify the public API returns a structured difference summary.


Kundenvorbereitung (siehe robot/tests/json/README.md):

1. JSON-Modul und unabhängig festgelegte Soll-/Ist-Daten des Kunden bereitstellen; Datenpfade/Inline-Werte anpassen.

2. Feldnamen, Datentypen und erlaubte Filter mit der fachlichen Erwartung abgleichen; eigenen Diff-Ausgabepfad wählen.

3. Zwei Kundendokumente mit gezielt unterschiedlichen relevanten Werten bereitstellen.

4. Vergleichslimit und erwartete Diff-Struktur festlegen; der Wert 5 ist eine Demo-Grenze.","3","Different JSON Documents Produce A Structured Diff","Module Examples","2026-09-14","passed","2026-09-14","Json Comparison","Json","",""
"Prerequisites: Use the approved Playbot runtime with PDF modules and the versioned robot/data fixtures. Test setup creates a separate evidence directory; teardown attaches the comparison evidence.
Steps and expected result: Coordinates outside 0–100 percent are rejected before comparison; no equality claim is produced.


Kundenvorbereitung (siehe robot/tests/pdf/README.md):

1. PDF-Runtime sowie freigegebenen Referenzbeleg und unabhängigen Ist-Beleg mit passenden Dateipfaden bereitstellen.

2. Beschreibbares Evidence-Verzeichnis und passende Aufbewahrung der Kundendokumente festlegen; Demo-Masken nicht ungeprüft übernehmen.

3. Eine gültige Kunden-Maskenkonfiguration kopieren und kontrolliert eine Prozentkoordinate außerhalb 0 bis 100 setzen.

4. Die Konfigurationsablehnung erwarten; dieser Fall trifft keine Aussage über Dokumentgleichheit.","12","Malformed Masks Fail Clearly","","2026-09-14","passed","2026-09-14","Visual Comparison","PDF Examples","",""
"Prerequisites: Start the dedicated database Compose stack. Suite setup connects using connections.cfg and creates a unique table; test setup seeds id=1, alice, booked.
Steps and expected result: Bind id=2, bob, pending into INSERT and require two rows. UPDATE that id to booked, SELECT and verify its status, then DELETE it. Query the remaining row and prove alice/booked is unchanged.


Kundenvorbereitung (siehe robot/tests/database/README.md):

1. Treiber, erreichbare Kunden-Testdatenbank und passende Verbindungsdatei samt Alias bereitstellen.

2. DDL-/Seed-/Cleanup-Fixture auf eigene Testobjekte und erlaubte Rechte umstellen; Platzhalter an den Treiber anpassen.

3. Eindeutige neue ID und erlaubte Start-/Zielwerte für INSERT und UPDATE reservieren.

4. DELETE auf diese ID begrenzen und einen unabhängigen Bestandsdatensatz zum Nachweis unveränderter Restdaten vorsehen.","24","SQL Bound Parameters Support INSERT UPDATE SELECT And DELETE","","2026-09-14","passed","2026-09-14","Oracle","Database Examples","",""
"Prerequisites: Start the PostgreSQL Compose service. Suite setup starts the local GUI/API with its own database table; test setup opens a fresh Chromium context and PDF evidence directory. Approved JSON/PDF fixtures are in robot/data/integration.
Steps and expected result: Fill the login, select API Testing, enter Bring a laptop, check terms and submit. Assert visible confirmation and WB-1001; compare HTTP JSON, an independent SQL row and downloaded PDF text with approved expectations. The application writes PostgreSQL and generates the PDF from that stored row.


Kundenvorbereitung (siehe robot/tests/integration/README.md):

1. Browser-, API-, SQL- und PDF-Runtime sowie zusammengehörige Zugänge zur Kunden-Testumgebung bereitstellen.

2. Lokale Workshop-App/Tabellenerzeugung im Fixture ersetzen; Kunden-Locators, API-Pfade und SQL-Schema zuordnen.

3. Gültige Stammdaten für die Erstellung sowie unabhängige JSON-/PDF-Sollbelege vorbereiten.

4. Erzeugte Kunden-ID über alle Kanäle weiterreichen; WB-1001/49.90 und SQL-Sollwerte ersetzen, Konsistenzwartezeit und Cleanup festlegen.","2000","Browser Form HTTP JSON SQL And PDF Verify The Same Record","","2026-09-14","passed","2026-09-14","Workshop Booking","Integration Examples","",""
"Prerequisites: Setup starts the local demo server, registers page locators and opens Chromium with a fresh context. Public practice credentials and all controls belong to this fixture. The starting page is the login page with no signed-in user.
Steps and expected result: Expanded input/select/click steps reveal the mechanics hidden by the higher levels.


Kundenvorbereitung (siehe robot/tests/browser/README.md):

1. Browser-Runtime, Kunden-Test-URL und benötigte Rolle bereitstellen; den lokalen Serverstart im Fixture ersetzen.

2. Kunden-Locators/Seitenregistrierung und isolierten Browser-Kontext vorbereiten; Details in robot/tests/browser/README.md.

3. Dieselben Kundenkonten, Auswahlwerte, Notizen und Solltexte wie auf den anderen beiden Ebenen bereitstellen.

4. Jeden semantischen Namen auf Kunden-Locators abbilden; die niedrige Ebene führt nur einzelne technische Aktionen aus.","1646","Low Level - Booking Uses Only Individual Technical Actions","UI Examples","2026-09-14","passed","2026-09-14","01 Keyword Levels","UI components","",""
"Prerequisites: The local provider and named HTTP sessions are started by setup; synthetic JSON/XML fixtures and orders.openapi.json are in robot/data/api.
Steps and expected result: POST a product string and assert HTTP 201. Validate both request and response with the same OpenAPI document, attached next to the exchange.


Kundenvorbereitung (siehe robot/tests/api/README.md):

1. API-Testumgebung, erreichbare Basis-URL und Konto/Token mit den benötigten Rechten bereitstellen.

2. Demo-Serverstart im Suite-Setup durch Kunden-Session ersetzen; Session-Alias und Kunden-Evidence gemäß robot/tests/api/README.md festlegen.

3. Kunden-OpenAPI und einen vollständig gültigen POST-Body mit allen Pflichtfeldern vorbereiten.

4. Erfolgsstatus laut Vertrag und Cleanup des erzeugten Kundenobjekts festlegen; 201 und Workshop sind Demowerte.","23","OpenAPI Validates The POST JSON Request And 201 Response","","2026-09-14","passed","2026-09-14","02 Openapi Contract","API Examples","",""
"Prerequisites: Setup starts or reuses the local server, registers page locators and opens a fresh Chromium context per row. Run the same four rows sequentially or with four Pabot workers via demo_prepare.gui.run_demo.
Steps and expected result: Use the row values in the single flat technical template: fill login, select workshop, enter note, check terms, submit and assert participant, confirmation and saved note. The runner verifies four distinct users and login overlap of one sequentially and four in parallel.


Kundenvorbereitung (siehe robot/tests/parallel/README.md):

1. Browser/Pabot-Runtime und vier unabhängige Kundenkonten samt getrennten Daten bereitstellen.

2. Kunden-Login und Locators im flachen Template umsetzen; Demo-Server/Barriere durch geeignete Kunden-Messung ersetzen.

3. Die Zeile carol / UI Automation / Carol's questions durch ein eigenes Kundenkonto samt gültigen Formularwerten ersetzen.

4. Erwartete Bestätigung und Notiz je Konto festlegen; dieselbe Zeile in beiden Laufarten verwenden und eigene Kundendaten bereinigen.","4599","Browser Form And Text - Carol","UI Examples","2026-09-14","passed","2026-09-14","Bookings","Parallel","",""
"Prerequisites: Start the dedicated database Compose stack. Suite setup connects using connections.cfg and creates a unique table; test setup seeds id=1, alice, booked.
Steps and expected result: Query participant and status ordered by id. Require exactly one row with alice and booked; log the actual database alias used.


Kundenvorbereitung (siehe robot/tests/database/README.md):

1. Treiber, erreichbare Kunden-Testdatenbank und passende Verbindungsdatei samt Alias bereitstellen.

2. DDL-/Seed-/Cleanup-Fixture auf eigene Testobjekte und erlaubte Rechte umstellen; Platzhalter an den Treiber anpassen.

3. Einen bekannten Datensatz im Testobjekt bereitstellen und erwartete Anzahl sowie Spaltenwerte festlegen.

4. SELECT, Sortierung und Assertions statt participant/status/alice/booked auf das Kundenschema ausrichten.","327","SQL SELECT Extracts Rows And Checks Column Values","","2026-09-14","passed","2026-09-14","Oracle","Database Examples","",""
"Prerequisites: Enable the json module; inline JSON and versioned files in robot/data/compare supply the inputs. No external service is needed.
Steps and expected result: Change an ID and remove a debug field on a returned copy, then assert the expected JSON.


Kundenvorbereitung (siehe robot/tests/json/README.md):

1. JSON-Modul und unabhängig festgelegte Soll-/Ist-Daten des Kunden bereitstellen; Datenpfade/Inline-Werte anpassen.

2. Feldnamen, Datentypen und erlaubte Filter mit der fachlichen Erwartung abgleichen; eigenen Diff-Ausgabepfad wählen.

3. Einen vorhandenen verschachtelten Kundenpfad und einen zu entfernenden Schlüssel wählen.

4. Die erwartete Kopie nach beiden Änderungen unabhängig definieren; user.id und debug sind Demo-Ziele.","2","Runtime Keywords Return A Modified Copy","Module Examples","2026-09-14","passed","2026-09-14","Configured Comparison And Edits","Json","",""
"Prerequisites: Setup starts the local demo server, registers page locators and opens Chromium with a fresh context. Public practice credentials and all controls belong to this fixture. The starting page is the login page with no signed-in user.
Steps and expected result: Configure the synthetic HTTP credentials on a new context and verify the protected local page opens.


Kundenvorbereitung (siehe robot/tests/browser/README.md):

1. Browser-Runtime, Kunden-Test-URL und benötigte Rolle bereitstellen; den lokalen Serverstart im Fixture ersetzen.

2. Kunden-Locators/Seitenregistrierung und isolierten Browser-Kontext vorbereiten; Details in robot/tests/browser/README.md.

3. Ein Kunden-Testziel mit HTTP Basic Authentication auswählen und gültige Credentials über die Laufzeit beziehen.

4. Eigene Credential-Variablen in der Browser-Kontext-Konfiguration referenzieren; demo/practice ersetzen.","327","HTTP Authentication Uses Explicit Context Credentials","UI Examples","2026-09-14","passed","2026-09-14","05 Contexts And Network Edge Cases","UI components","",""
"Prerequisites: Use the approved Playbot runtime with PDF modules and the versioned robot/data fixtures. Test setup creates a separate evidence directory; teardown attaches the comparison evidence.
Steps and expected result: A missing page is reported even when its pixel canvas would be blank.


Kundenvorbereitung (siehe robot/tests/pdf/README.md):

1. PDF-Runtime sowie freigegebenen Referenzbeleg und unabhängigen Ist-Beleg mit passenden Dateipfaden bereitstellen.

2. Beschreibbares Evidence-Verzeichnis und passende Aufbewahrung der Kundendokumente festlegen; Demo-Masken nicht ungeprüft übernehmen.

3. Zwei PDFs mit gezielt unterschiedlicher Seitenanzahl bereitstellen.

4. Fehlende Originalseite als erwarteten Fehler festlegen, auch wenn deren Bildinhalt vollständig leer ist.","28","Additional Blank Page Fails Visual Comparison","","2026-09-14","passed","2026-09-14","Visual Comparison","PDF Examples","",""
"Prerequisites: Setup starts the local demo server, registers page locators and opens Chromium with a fresh context. Public practice credentials and all controls belong to this fixture. The starting page is the playground.
Steps and expected result: Reject the confirmation dialog and verify the booking remains.


Kundenvorbereitung (siehe robot/tests/browser/README.md):

1. Browser-Runtime, Kunden-Test-URL und benötigte Rolle bereitstellen; den lokalen Serverstart im Fixture ersetzen.

2. Kunden-Locators/Seitenregistrierung und isolierten Browser-Kontext vorbereiten; Details in robot/tests/browser/README.md.

3. Einen kontrollierten Kunden-Testdatensatz und eine Aktion mit JavaScript-Confirm bereitstellen.

4. Abbruch-Erwartung festlegen und frische Seite verwenden, damit kein vorheriger Dialoghandler weiterwirkt.","291","Confirmation Can Be Dismissed To Keep The Booking","UI Examples","2026-09-14","passed","2026-09-14","04 Modern Browser Controls","UI components","",""
"Prerequisites: Setup starts or reuses the local server, registers page locators and opens a fresh Chromium context per row. Run the same four rows sequentially or with four Pabot workers via demo_prepare.gui.run_demo.
Steps and expected result: Use the row values in the single flat technical template: fill login, select workshop, enter note, check terms, submit and assert participant, confirmation and saved note. The runner verifies four distinct users and login overlap of one sequentially and four in parallel.


Kundenvorbereitung (siehe robot/tests/parallel/README.md):

1. Browser/Pabot-Runtime und vier unabhängige Kundenkonten samt getrennten Daten bereitstellen.

2. Kunden-Login und Locators im flachen Template umsetzen; Demo-Server/Barriere durch geeignete Kunden-Messung ersetzen.

3. Die Zeile bob / API Testing / Bob's notebook durch ein eigenes Kundenkonto samt gültigen Formularwerten ersetzen.

4. Erwartete Bestätigung und Notiz je Konto festlegen; dieselbe Zeile in beiden Laufarten verwenden und eigene Kundendaten bereinigen.","4805","Browser Form And Text - Bob","UI Examples","2026-09-14","passed","2026-09-14","Bookings","Parallel","",""
"Prerequisites: Setup starts the local demo server, registers page locators and opens Chromium with a fresh context. Public practice credentials and all controls belong to this fixture. The starting page is the playground.
Steps and expected result: Use the frame selector to interact with the embedded document instead of the parent page.


Kundenvorbereitung (siehe robot/tests/browser/README.md):

1. Browser-Runtime, Kunden-Test-URL und benötigte Rolle bereitstellen; den lokalen Serverstart im Fixture ersetzen.

2. Kunden-Locators/Seitenregistrierung und isolierten Browser-Kontext vorbereiten; Details in robot/tests/browser/README.md.

3. Eine Kunden-Seite mit vorhandenem iframe und erreichbarem eingebettetem Formular bereitstellen.

4. Frame-Locator, Feld innerhalb des Frames und Sollausgabe bestimmen; Hauptdokument und Frame auseinanderhalten.","312","Frame Selector Addresses Only The Embedded Form","UI Examples","2026-09-14","passed","2026-09-14","04 Modern Browser Controls","UI components","",""
"Prerequisites: Setup starts the local demo server, registers page locators and opens Chromium with a fresh context. Public practice credentials and all controls belong to this fixture. The starting page is the login page with no signed-in user.
Steps and expected result: Follow the same semantic Continue action across login and booking, and verify both resolved selectors and customer overrides.


Kundenvorbereitung (siehe robot/tests/browser/README.md):

1. Browser-Runtime, Kunden-Test-URL und benötigte Rolle bereitstellen; den lokalen Serverstart im Fixture ersetzen.

2. Kunden-Locators/Seitenregistrierung und isolierten Browser-Kontext vorbereiten; Details in robot/tests/browser/README.md.

3. Zwei eindeutig erkennbare Kundenseiten mit unterschiedlichen Locators für denselben semantischen Aktionsnamen registrieren.

4. Projekt-Override und sichtbare Folgezustände festlegen; SIGN_IN/CHOOSE_WORKSHOP/UiWorkshop sind Demo-Zuordnungen.","1866","Same Continue Name Resolves To Different Locators On Two Pages","UI Examples","2026-09-14","passed","2026-09-14","02 Automatic Page And Method Resolution","UI components","",""
"Prerequisites: The local provider and named HTTP sessions are started by setup; synthetic JSON/XML fixtures and orders.openapi.json are in robot/data/api.
Steps and expected result: Build a product dictionary, send POST /orders and assert HTTP 201 plus id=43, product=Workshop and status=created in JSON. Attach the interaction and export timing metadata.


Kundenvorbereitung (siehe robot/tests/api/README.md):

1. API-Testumgebung, erreichbare Basis-URL und Konto/Token mit den benötigten Rechten bereitstellen.

2. Demo-Serverstart im Suite-Setup durch Kunden-Session ersetzen; Session-Alias und Kunden-Evidence gemäß robot/tests/api/README.md festlegen.

3. Erlaubten POST-Endpunkt und gültigen Kunden-Request statt product=Workshop bereitstellen.

4. Erfolgsstatus, Antwortfelder/ID-Verhalten und Bereinigung des erzeugten Datensatzes vereinbaren.","6","HTTP POST Sends JSON And Checks The 201 Response","","2026-09-14","passed","2026-09-14","01 Http Json Xml","API Examples","",""
"Prerequisites: Setup starts or reuses the local server, registers page locators and opens a fresh Chromium context per row. Run the same four rows sequentially or with four Pabot workers via demo_prepare.gui.run_demo.
Steps and expected result: Use the row values in the single flat technical template: fill login, select workshop, enter note, check terms, submit and assert participant, confirmation and saved note. The runner verifies four distinct users and login overlap of one sequentially and four in parallel.


Kundenvorbereitung (siehe robot/tests/parallel/README.md):

1. Browser/Pabot-Runtime und vier unabhängige Kundenkonten samt getrennten Daten bereitstellen.

2. Kunden-Login und Locators im flachen Template umsetzen; Demo-Server/Barriere durch geeignete Kunden-Messung ersetzen.

3. Die Zeile bob / API Testing / Bob's notebook durch ein eigenes Kundenkonto samt gültigen Formularwerten ersetzen.

4. Erwartete Bestätigung und Notiz je Konto festlegen; dieselbe Zeile in beiden Laufarten verwenden und eigene Kundendaten bereinigen.","1672","Browser Form And Text - Bob","UI Examples","2026-09-14","passed","2026-09-14","Bookings","Sequential","",""
"Prerequisites: Setup starts the local demo server, registers page locators and opens Chromium with a fresh context. Public practice credentials and all controls belong to this fixture. The starting page is the login page with no signed-in user.
Steps and expected result: Sign in as two participants in separate contexts and show that their cookies and state stay isolated.


Kundenvorbereitung (siehe robot/tests/browser/README.md):

1. Browser-Runtime, Kunden-Test-URL und benötigte Rolle bereitstellen; den lokalen Serverstart im Fixture ersetzen.

2. Kunden-Locators/Seitenregistrierung und isolierten Browser-Kontext vorbereiten; Details in robot/tests/browser/README.md.

3. Zwei unterschiedliche Kundenkonten und einen erwarteten Cookie-/Storage-Nachweis pro Konto bereitstellen.

4. Vor dem zweiten Login einen wirklich neuen Kontext öffnen; beide Konten benötigen getrennte Kundendaten.","2500","Two Contexts Keep Their Participants Cookies And Storage Separate","UI Examples","2026-09-14","passed","2026-09-14","05 Contexts And Network Edge Cases","UI components","",""
"Prerequisites: Use the approved runtime with Java and the WireMock JAR. The per-test setup starts isolated mock processes and loads the named mappings from robot/data/api/mocks; teardown closes HTTP sessions and listener cleanup stops mocks.
Steps and expected result: Preparation defines a supplier order that is pending on the first request and ready on the next. We read both responses in order and assert each business status. State changes come from the declared scenario; no arbitrary test sleep is needed.


Kundenvorbereitung (siehe robot/tests/api/README.md):

1. Modul api-mocks mit Java/WireMock bereitstellen und je Test einen eigenen Mock-Prozess vorsehen.

2. Matching- und Antwortdateien unter robot/data/api/mocks auf den Vertrag der Kundenabhängigkeit umstellen.

3. Kundenstatus und Übergangsbedingung als zwei zusammengehörige Mock-Mappings festlegen.

4. Startzustand je Test zurücksetzen und genau die erwartete Folge zweier Antworten definieren.","1445","Stateful Polling Changes Pending To Ready","","2026-09-14","passed","2026-09-14","03 Wiremock","API Examples","",""
"Prerequisites: Setup starts the local demo server, registers page locators and opens Chromium with a fresh context. Public practice credentials and all controls belong to this fixture. The starting page is the login page with no signed-in user.
Steps and expected result: Each group represents one coherent part of the same business journey.


Kundenvorbereitung (siehe robot/tests/browser/README.md):

1. Browser-Runtime, Kunden-Test-URL und benötigte Rolle bereitstellen; den lokalen Serverstart im Fixture ersetzen.

2. Kunden-Locators/Seitenregistrierung und isolierten Browser-Kontext vorbereiten; Details in robot/tests/browser/README.md.

3. Dieselben Kunden-Ausgangsdaten und Erwartungen wie für den High-/Low-Fall bereitstellen.

4. Login, Formular, Absenden und Ergebnisprüfung als eigene Gruppen definieren und auf öffentliche technische Aktionen abbilden.","1710","Medium Level - Booking Is Composed From Reusable Action Groups","UI Examples","2026-09-14","passed","2026-09-14","01 Keyword Levels","UI components","",""
"Prerequisites: Use the approved runtime with Java and the WireMock JAR. The per-test setup starts isolated mock processes and loads the named mappings from robot/data/api/mocks; teardown closes HTTP sessions and listener cleanup stops mocks.
Steps and expected result: Preparation creates an outage mapping. We remove it and prove a new request no longer matches. Reset then clears the supplier journal, and an explicit zero-call assertion verifies that cleanup happened.


Kundenvorbereitung (siehe robot/tests/api/README.md):

1. Modul api-mocks mit Java/WireMock bereitstellen und je Test einen eigenen Mock-Prozess vorsehen.

2. Matching- und Antwortdateien unter robot/data/api/mocks auf den Vertrag der Kundenabhängigkeit umstellen.

3. Eine einzelne Kunden-Mapping-Regel anlegen und ihre zurückgelieferte ID im Test verfügbar machen.

4. Verhalten nach Remove und leeres Aufrufjournal nach Reset als zwei getrennte Erwartungen festlegen.","1649","Mappings Can Be Removed And Reset","","2026-09-14","passed","2026-09-14","03 Wiremock","API Examples","",""
"Prerequisites: Setup starts the local demo server, registers page locators and opens Chromium with a fresh context. Public practice credentials and all controls belong to this fixture. The starting page is the playground.
Steps and expected result: Install the dialog handler first so the browser can accept the alert raised by the click.


Kundenvorbereitung (siehe robot/tests/browser/README.md):

1. Browser-Runtime, Kunden-Test-URL und benötigte Rolle bereitstellen; den lokalen Serverstart im Fixture ersetzen.

2. Kunden-Locators/Seitenregistrierung und isolierten Browser-Kontext vorbereiten; Details in robot/tests/browser/README.md.

3. Eine Kundenaktion mit echtem JavaScript-Alert auswählen; ein HTML-Modal braucht Locator-Aktionen.

4. Trigger-Locator und sichtbaren Zustand nach Annahme bestimmen; den Dialoghandler vor dem Klick registrieren.","323","Alert Is Accepted Before The Triggering Click","UI Examples","2026-09-14","passed","2026-09-14","04 Modern Browser Controls","UI components","",""
"Prerequisites: Setup starts the local demo server, registers page locators and opens Chromium with a fresh context. Public practice credentials and all controls belong to this fixture. The starting page is the login page with no signed-in user.
Steps and expected result: Follow the complete redirect chain and assert the final URL and page content.


Kundenvorbereitung (siehe robot/tests/browser/README.md):

1. Browser-Runtime, Kunden-Test-URL und benötigte Rolle bereitstellen; den lokalen Serverstart im Fixture ersetzen.

2. Kunden-Locators/Seitenregistrierung und isolierten Browser-Kontext vorbereiten; Details in robot/tests/browser/README.md.

3. Eine kontrollierte Redirect-Kette der Kunden-Testumgebung samt erlaubter Ziel-URL bereitstellen.

4. Tatsächliche Anzahl/Zielinhalt bestimmen; /redirect/3 und playground?redirected=3 sind spezielle Demo-Routen.","307","Three Redirects Finish On The Expected Local Page","UI Examples","2026-09-14","passed","2026-09-14","05 Contexts And Network Edge Cases","UI components","",""
"Prerequisites: Enable the xml module; inline XML and versioned files in robot/data/compare supply the inputs. No external service is needed.
Steps and expected result: Two equivalent XML elements with reordered attributes must compare equal.


Kundenvorbereitung (siehe robot/tests/xml/README.md):

1. XML-Modul, gültige Soll-/Ist-Dokumente und deren Namespaces/Kodierung bereitstellen.

2. Kunden-Tags/Pfade und erlaubte Filter festlegen; eigene Daten- und Diff-Ausgabepfade verwenden.

3. Zwei semantisch gleiche Kundenelemente mit identischen Attributwerten bereitstellen.

4. Nur die Attributreihenfolge ändern; zusätzliche Wert-/Namespace-Abweichungen gehören in einen separaten Fall.","1","Attribute Order Does Not Affect Equality","Module Examples","2026-09-14","passed","2026-09-14","Xml Comparison","Xml","",""
"Prerequisites: Start the dedicated database Compose stack. Suite setup connects using connections.cfg and creates a unique table; test setup seeds id=1, alice, booked.
Steps and expected result: INSERT id=2 and SELECT within the same uncommitted transaction using no_transaction=True on both calls. Require two visible rows, execute ROLLBACK and require the original single row. A normal Query would commit, so the flag on the intermediate read matters.


Kundenvorbereitung (siehe robot/tests/database/README.md):

1. Treiber, erreichbare Kunden-Testdatenbank und passende Verbindungsdatei samt Alias bereitstellen.

2. DDL-/Seed-/Cleanup-Fixture auf eigene Testobjekte und erlaubte Rechte umstellen; Platzhalter an den Treiber anpassen.

3. Transaktionsfähiges Testobjekt, bekannten Ausgangsbestand und eine freie INSERT-ID bereitstellen.

4. INSERT und Zwischen-SELECT auf derselben Verbindung ohne automatischen Commit ausführen; erst danach explizit ROLLBACK.","11","SQL ROLLBACK Reverts An Uncommitted INSERT","","2026-09-14","passed","2026-09-14","Mysql","Database Examples","",""
"Prerequisites: Use the approved Playbot runtime with PDF modules and the versioned robot/data fixtures. Test setup creates a separate evidence directory; teardown attaches the comparison evidence.
Steps and expected result: Shared text and area masks intentionally exclude dynamic content before pixel comparison.


Kundenvorbereitung (siehe robot/tests/pdf/README.md):

1. PDF-Runtime sowie freigegebenen Referenzbeleg und unabhängigen Ist-Beleg mit passenden Dateipfaden bereitstellen.

2. Beschreibbares Evidence-Verzeichnis und passende Aufbewahrung der Kundendokumente festlegen; Demo-Masken nicht ungeprüft übernehmen.

3. Kundenspezifische Text-/Flächenmasken im korrekten Seitenbezug erstellen.

4. Dokumente mit ausschließlich erlaubten dynamischen Abweichungen wählen und unverdeckte relevante Bereiche erhalten.","18","Configured Masks Ignore Dynamic Text And Graphics","","2026-09-14","passed","2026-09-14","Visual Comparison","PDF Examples","",""
"Prerequisites: Enable the json module; inline JSON and versioned files in robot/data/compare supply the inputs. No external service is needed.
Steps and expected result: Use configured filters and transformations; compare the input file before and after to prove it is not rewritten.


Kundenvorbereitung (siehe robot/tests/json/README.md):

1. JSON-Modul und unabhängig festgelegte Soll-/Ist-Daten des Kunden bereitstellen; Datenpfade/Inline-Werte anpassen.

2. Feldnamen, Datentypen und erlaubte Filter mit der fachlichen Erwartung abgleichen; eigenen Diff-Ausgabepfad wählen.

3. Kundenregeln für Normalisierung/Filter in einer eigenen JSON-Konfiguration festlegen.

4. Zwei danach gleichwertige Dateien wählen und die Soll-Datei vor/nach dem Vergleich unverändert nachweisen.","6","Configured Files Match Without Changing Test Data","Module Examples","2026-09-14","passed","2026-09-14","Configured Comparison And Edits","Json","",""
"Prerequisites: Use the approved runtime with Java and the WireMock JAR. The per-test setup starts isolated mock processes and loads the named mappings from robot/data/api/mocks; teardown closes HTTP sessions and listener cleanup stops mocks.
Steps and expected result: Preparation starts an isolated mock supplier with an agreed order response. We send the required method, query, header and JSON body, compare the created order, and verify exactly one matching call with no unexpected requests.


Kundenvorbereitung (siehe robot/tests/api/README.md):

1. Modul api-mocks mit Java/WireMock bereitstellen und je Test einen eigenen Mock-Prozess vorsehen.

2. Matching- und Antwortdateien unter robot/data/api/mocks auf den Vertrag der Kundenabhängigkeit umstellen.

3. Kunden-Methode, Query, Header und JSON-Body für eine eindeutige Matching-Regel festlegen.

4. Sollantwort und erwartete Aufrufanzahl vereinbaren; POST /orders, channel=demo und X-Demo ersetzen.","1772","JSON Request Matching And Call Verification","","2026-09-14","passed","2026-09-14","03 Wiremock","API Examples","",""
"Prerequisites: Use the approved runtime with Java and the WireMock JAR. The per-test setup starts isolated mock processes and loads the named mappings from robot/data/api/mocks; teardown closes HTTP sessions and listener cleanup stops mocks.
Steps and expected result: Preparation configures a temporarily unavailable supplier and a deliberately slow endpoint. We check the HTTP 503 error message and then expect a bounded client timeout. PASS confirms both failure paths were detected, not that the supplier was healthy.


Kundenvorbereitung (siehe robot/tests/api/README.md):

1. Modul api-mocks mit Java/WireMock bereitstellen und je Test einen eigenen Mock-Prozess vorsehen.

2. Matching- und Antwortdateien unter robot/data/api/mocks auf den Vertrag der Kundenabhängigkeit umstellen.

3. Kontrollierten Fehler-Endpunkt und langsamen Mock-Endpunkt mit definiertem Delay bereitstellen.

4. Kunden-Fehlerbody/Status und ein Client-Timeout unterhalb des Mock-Delays festlegen.","1546","Service Failure And Timeout Are Testable","","2026-09-14","passed","2026-09-14","03 Wiremock","API Examples","",""
